<?xml version="1.0" encoding="UTF-8"?>
<manual library="APP" package="Main" namespace="\">
  <class name="logViewer" abstract="">
    <info>
      <version>0.1</version>
      <build>3</build>
      <datecreated>1429261200</datecreated>
      <daterevised>1430384009</daterevised>
      <extends>
        <object>\ESS\Prototype\UIObjectPrototype</object>
      </extends>
      <implements/>
      <throws/>
      <title>Map Log Viewer</title>
      <description>Handles the logging interface for the entire application.</description>
      <deprecated/>
    </info>
    <constants/>
    <properties>
      <scope type="public"/>
      <scope type="protected"/>
      <scope type="private"/>
    </properties>
    <methods>
      <scope type="public">
        <method name="build" returntype="logViewer">
          <description>Build the log viewer object.</description>
          <parameters>
            <parameter name="$id" type="string" defaultvalue="">
              <description>The object id.</description>
            </parameter>
            <parameter name="$class" type="string" defaultvalue="">
              <description>The object class.</description>
            </parameter>
          </parameters>
          <returndescription>The logViewer object.</returndescription>
          <throws/>
          <deprecated/>
        </method>
      </scope>
      <scope type="protected"/>
      <scope type="private"/>
    </methods>
  </class>
</manual>
